"Prod_Title","Review_cnt","ProductRating","ProductPrice"
"Boult Q Over Ear Bluetooth Headphones with 70H Playtime, 40mm Bass Drivers, Zen™ ENC Mic, Type-C Fast Charging, 4 EQ Modes, Bluetooth 5.4, AUX Option, Easy Controls, IPX5 Wireless Headphones (Beige)","1,937","4.2 out of 5 stars, rating details","1,999"
"amazon basics On Ear Wireless Gaming Headphones | +20 hrs Playtime | 2.4Ghz Ultra Low Latency | Bluetooth 5.2 | Dual Mode | PS, PC, Tablet, Mobile Phone Compatible","90","3.7 out of 5 stars, rating details","2,999"
"Oneplus Bullets Z2 Bluetooth Wireless in Ear Earphones with Mic, Bombastic Bass - 12.4 mm Drivers, 10 Mins Charge - 20 Hrs Music, 30 Hrs Battery Life, IP55 Dust and Water Resistant (Magico Black)","188,606","4.1 out of 5 stars, rating details","1,299"
"Sony WH-CH520 Wireless Bluetooth Headphones with Mic, Up to 50Hrs Battery-Blue","18,324","4.1 out of 5 stars, rating details","4,400"
"boAt Rockerz 450, 15 HRS Battery, 40mm Drivers, Padded Ear Cushions, Integrated Controls, Dual Modes, On Ear Bluetooth Headphones, Wireless Headphone with Mic (Luscious Black)","116,251","4.0 out of 5 stars, rating details","1,599"
"ZEBRONICS THUNDER Bluetooth 5.3 Wireless Headphones with 60H Backup, Gaming Mode, Dual Pairing, ENC, AUX, Micro SD, Voice assistant, Comfortable Earcups, Call Function(Black)","76,189","3.8 out of 5 stars, rating details","749"
"Boult Q Over Ear Bluetooth Headphones with 70H Playtime, 40mm Bass Drivers, Zen™ ENC Mic, Type-C Fast Charging, 4 EQ Modes, Bluetooth 5.4, AUX Option, Easy Controls, IPX5 Wireless Headphones (Black)","1,937","4.2 out of 5 stars, rating details","1,999"
"JBL Tune 510BT, On Ear Wireless Headphones with Mic, up to 40 Hours Playtime, Pure Bass, Quick Charging, Dual Pairing, Bluetooth 5.0 & Voice Assistant Support for Mobile Phones (Black)","19,654","4.0 out of 5 stars, rating details","2,799"
"ZEBRONICS Thunder Bluetooth 5.3 Wireless Over Ear Headphones with 60H Backup, Gaming Mode, Dual Pairing, Enc, Aux, Micro Sd, Voice Assistant, Comfortable Earcups, Call Function (Sea Green)","76,189","3.8 out of 5 stars, rating details","699"
"Noise Two Wireless On-Ear Headphones with 50 Hours Playtime, Low Latency(up to 40ms), 4 Play Modes, Dual Pairing, BT v5.3 (Bold Black)","3,126","3.5 out of 5 stars, rating details","1,499"
"HAMMER Bash Max Over The Ear Wireless Bluetooth Headphones with Mic, Touch Control, Deep Bass, Upto 40 Hours Playtime, Bluetooth 5.3, Workout/Travel (Apricot)","3,182","3.7 out of 5 stars, rating details","2,299"
